{
    "utilidades":[
        "!tabela",
        "!audio",
        "!traduz",
        "!voz",
        "!letra",
        "!noticias",
        "!rastreio",
        "!calc",
        "!pesquisa",
        "!moeda",
        "!clima",
        "!ddd",
        "!anime",
        "!animelanc",
        "!qualmusica"
    ],
    "info":[
        "!ajuda","!menu",
        "!reportar",
        "!meusdados",
        "!info",
        "!verificar",
        "!desbloquear"
    ],
    "figurinhas": [
        "!s",
        "!sgif",
        "!ssf",
        "!tps",
        "!atps",
        "!simg"
    ],
    "downloads": [
        "!play",
        "!yt",
        "!fb",
        "!ig",
        "!tw",
        "!tk",
        "!img"
    ],
    "grupo":[
        "!destravar",
        "!status",
        "!fotogrupo",
        "!regras",
        "!blista",
        "!dlista",
        "!listanegra",
        "!promover",
        "!rebaixar",
        "!mt",
        "!mm",
        "!adms",
        "!dono",
        "!mutar",
        "!link",
        "!rlink",
        "!f",
        "!alink",
        "!aporno",
        "!autosticker",
        "!bv",
        "!afake",
        "!aflood",
        "!apg",
        "!vb",
        "!votar",
        "!topativos",
        "!contador", 
        "!atividade",
        "!alterarcont",
        "!imarcar",
        "!ibanir",
        "!votacao",
        "!enquete",
        "!votarenquete",
        "!verenquete",
        "!bcmd",
        "!dcmd"
    ],
    "diversao":[
        "!mascote",
        "!viadometro",
        "!detector",
        "!massacote",
        "!roletarussa",
        "!casal",
        "!caracoroa",
        "!ppt",
        "!gadometro",
        "!bafometro",
        "!top5",
        "!par",
        "!malacos",
        "!chance", 
        "!fch"
    ],
    "admin":[
        "!sair",
        "!pvliberado",
        "!bcmdglobal",
        "!dcmdglobal",
        "!sairgrupos",
        "!infocompleta",
        "!entrargrupo",
        "!bctodos",
        "!bccontatos",
        "!bcgrupos",
        "!print",
        "!fotobot",
        "!limpartudo",
        "!autostickerpv",
        "!antitravapv",
        "!limpar",
        "!listablock",
        "!bloquear",
        "!usuarios",
        "!limpartipo",
        "!limitediario",
        "!taxalimite",
        "!limitarmsgs",
        "!unblock",
        "!estado",
        "!teste",
        "!regctt",
        "!admin",
        "!rconfig",
        "!mudarlimite",
        "!alterartipo",
        "!grupos",
        "!tipos",
        "!rtodos",
        "!r",
        "!verdados",
        "!desligar",
        "!ping"
    ],
    "excecoes_contagem": [
        "!meusdados",
        "!ajuda","!help", "!menu", ".help", ".menu",
        "!info",
        "!reportar",
        "!desbloquear",
        "!verificar",
        "!reportar"
    ]
}