[{"id_grupo":"120363044277629385@g.us","max":10,"intervalo":10,"msgs":[{"id_usuario":"5511989881209@c.us","expiracao":1678910872,"qtd":1}]},{"id_grupo":"556592978220-1628726687@g.us","max":10,"intervalo":10,"msgs":[{"id_usuario":"5512981666106@c.us","expiracao":1678801379,"qtd":1},{"id_usuario":"555199037307@c.us","expiracao":1678801396,"qtd":1}]},{"id_grupo":"120363106696091567@g.us","max":10,"intervalo":10,"msgs":[{"id_usuario":"557193141284@c.us","expiracao":1680019504,"qtd":1},{"id_usuario":"556999799582@c.us","expiracao":1680019512,"qtd":1}]},{"id_grupo":"120363028701995165@g.us","max":10,"intervalo":10,"msgs":[{"id_usuario":"556391059403@c.us","expiracao":1680001403,"qtd":3}]},{"id_grupo":"120363075786557077@g.us","max":10,"intervalo":10,"msgs":[{"id_usuario":"556796811213@c.us","expiracao":1680022076,"qtd":1}]},{"id_grupo":"120363022499992151@g.us","max":10,"intervalo":10,"msgs":[{"id_usuario":"5522997157922@c.us","expiracao":1680015096,"qtd":1}]},{"id_grupo":"553592163118-1569785774@g.us","max":10,"intervalo":10,"msgs":[]},{"id_grupo":"120363041033574006@g.us","max":10,"intervalo":10,"msgs":[]},{"id_grupo":"120363041033574006@g.us","max":10,"intervalo":10,"msgs":[]},{"id_grupo":"120363028513334177@g.us","max":10,"intervalo":10,"msgs":[]},{"id_grupo":"120363147122726641@g.us","max":10,"intervalo":10,"msgs":[]},{"id_grupo":"120363126054176241@g.us","max":10,"intervalo":10,"msgs":[]},{"id_grupo":"120363054224125362@g.us","max":10,"intervalo":10,"msgs":[]}]